# CSV file describing the map, which is a grid of 2x50x50, 0-indexed.
# The format is:
# <x>, <y>, <z>, <item name> [, <age>]
# But first we say which turn it is.
0
# Then we say where the player is, and what they're carrying.
50, 50, nothing
# Then we put a person item in that space.
50, 50, 1, person
# Then some stuff.
48, 51, 1, axe
48, 52, 1, knife

43, 54, 1, rabbit
41, 53, 1, rabbit
23, 19, 1, rabbit

55, 52, 1, well
55, 53, 1, bucket

# Then, a forest.
48, 61, 1, sleeping treant
11, 44, 1, sleeping treant
33, 71, 1, sleeping treant
20, 29, 1, sleeping treant
8, 0, 1, tree, 0
9, 0, 1, tree, 0
12, 0, 1, tree, 0
13, 0, 1, tree, 0
18, 0, 1, tree, 0
22, 0, 1, tree, 0
26, 0, 1, tree, 0
29, 0, 1, tree, 0
47, 0, 1, tree, 0
48, 0, 1, tree, 0
49, 0, 1, tree, 0
51, 0, 1, tree, 0
53, 0, 1, tree, 0
54, 0, 1, tree, 0
60, 0, 1, tree, 0
76, 0, 1, tree, 0
77, 0, 1, tree, 0
78, 0, 1, tree, 0
79, 0, 1, tree, 0
90, 0, 1, tree, 0
93, 0, 1, tree, 0
95, 0, 1, tree, 0
96, 0, 1, tree, 0
97, 0, 1, tree, 0
0, 1, 1, tree, 0
8, 1, 1, tree, 0
9, 1, 1, tree, 0
14, 1, 1, tree, 0
19, 1, 1, tree, 0
21, 1, 1, tree, 0
25, 1, 1, tree, 0
28, 1, 1, tree, 0
42, 1, 1, tree, 0
45, 1, 1, tree, 0
51, 1, 1, tree, 0
57, 1, 1, tree, 0
61, 1, 1, tree, 0
79, 1, 1, tree, 0
87, 1, 1, tree, 0
88, 1, 1, tree, 0
89, 1, 1, tree, 0
91, 1, 1, tree, 0
1, 2, 1, tree, 0
15, 2, 1, tree, 0
22, 2, 1, tree, 0
27, 2, 1, tree, 0
37, 2, 1, tree, 0
38, 2, 1, tree, 0
42, 2, 1, tree, 0
45, 2, 1, tree, 0
48, 2, 1, tree, 0
60, 2, 1, tree, 0
64, 2, 1, tree, 0
67, 2, 1, tree, 0
79, 2, 1, tree, 0
81, 2, 1, tree, 0
86, 2, 1, tree, 0
96, 2, 1, tree, 0
99, 2, 1, tree, 0
2, 3, 1, tree, 0
12, 3, 1, tree, 0
35, 3, 1, tree, 0
62, 3, 1, tree, 0
81, 3, 1, tree, 0
85, 3, 1, tree, 0
87, 3, 1, tree, 0
89, 3, 1, tree, 0
90, 3, 1, tree, 0
97, 3, 1, tree, 0
5, 4, 1, tree, 0
9, 4, 1, tree, 0
19, 4, 1, tree, 0
20, 4, 1, tree, 0
27, 4, 1, tree, 0
31, 4, 1, tree, 0
33, 4, 1, tree, 0
37, 4, 1, tree, 0
45, 4, 1, tree, 0
46, 4, 1, tree, 0
52, 4, 1, tree, 0
64, 4, 1, tree, 0
66, 4, 1, tree, 0
70, 4, 1, tree, 0
74, 4, 1, tree, 0
77, 4, 1, tree, 0
81, 4, 1, tree, 0
91, 4, 1, tree, 0
92, 4, 1, tree, 0
94, 4, 1, tree, 0
97, 4, 1, tree, 0
3, 5, 1, tree, 0
6, 5, 1, tree, 0
13, 5, 1, tree, 0
15, 5, 1, tree, 0
17, 5, 1, tree, 0
58, 5, 1, tree, 0
62, 5, 1, tree, 0
72, 5, 1, tree, 0
74, 5, 1, tree, 0
78, 5, 1, tree, 0
79, 5, 1, tree, 0
87, 5, 1, tree, 0
88, 5, 1, tree, 0
99, 5, 1, tree, 0
5, 6, 1, tree, 0
10, 6, 1, tree, 0
13, 6, 1, tree, 0
20, 6, 1, tree, 0
28, 6, 1, tree, 0
32, 6, 1, tree, 0
36, 6, 1, tree, 0
43, 6, 1, tree, 0
44, 6, 1, tree, 0
46, 6, 1, tree, 0
50, 6, 1, tree, 0
51, 6, 1, tree, 0
54, 6, 1, tree, 0
73, 6, 1, tree, 0
77, 6, 1, tree, 0
82, 6, 1, tree, 0
84, 6, 1, tree, 0
90, 6, 1, tree, 0
95, 6, 1, tree, 0
4, 7, 1, tree, 0
5, 7, 1, tree, 0
9, 7, 1, tree, 0
15, 7, 1, tree, 0
16, 7, 1, tree, 0
22, 7, 1, tree, 0
23, 7, 1, tree, 0
27, 7, 1, tree, 0
28, 7, 1, tree, 0
37, 7, 1, tree, 0
38, 7, 1, tree, 0
41, 7, 1, tree, 0
42, 7, 1, tree, 0
44, 7, 1, tree, 0
57, 7, 1, tree, 0
61, 7, 1, tree, 0
67, 7, 1, tree, 0
72, 7, 1, tree, 0
77, 7, 1, tree, 0
78, 7, 1, tree, 0
87, 7, 1, tree, 0
89, 7, 1, tree, 0
91, 7, 1, tree, 0
1, 8, 1, tree, 0
6, 8, 1, tree, 0
8, 8, 1, tree, 0
9, 8, 1, tree, 0
10, 8, 1, tree, 0
12, 8, 1, tree, 0
17, 8, 1, tree, 0
22, 8, 1, tree, 0
23, 8, 1, tree, 0
29, 8, 1, tree, 0
31, 8, 1, tree, 0
32, 8, 1, tree, 0
36, 8, 1, tree, 0
46, 8, 1, tree, 0
50, 8, 1, tree, 0
53, 8, 1, tree, 0
72, 8, 1, tree, 0
85, 8, 1, tree, 0
89, 8, 1, tree, 0
93, 8, 1, tree, 0
94, 8, 1, tree, 0
95, 8, 1, tree, 0
99, 8, 1, tree, 0
4, 9, 1, tree, 0
5, 9, 1, tree, 0
16, 9, 1, tree, 0
17, 9, 1, tree, 0
22, 9, 1, tree, 0
28, 9, 1, tree, 0
29, 9, 1, tree, 0
37, 9, 1, tree, 0
39, 9, 1, tree, 0
45, 9, 1, tree, 0
50, 9, 1, tree, 0
60, 9, 1, tree, 0
65, 9, 1, tree, 0
70, 9, 1, tree, 0
72, 9, 1, tree, 0
76, 9, 1, tree, 0
78, 9, 1, tree, 0
87, 9, 1, tree, 0
89, 9, 1, tree, 0
90, 9, 1, tree, 0
92, 9, 1, tree, 0
2, 10, 1, tree, 0
18, 10, 1, tree, 0
26, 10, 1, tree, 0
29, 10, 1, tree, 0
33, 10, 1, tree, 0
37, 10, 1, tree, 0
42, 10, 1, tree, 0
46, 10, 1, tree, 0
52, 10, 1, tree, 0
53, 10, 1, tree, 0
65, 10, 1, tree, 0
83, 10, 1, tree, 0
2, 11, 1, tree, 0
5, 11, 1, tree, 0
24, 11, 1, tree, 0
25, 11, 1, tree, 0
28, 11, 1, tree, 0
33, 11, 1, tree, 0
39, 11, 1, tree, 0
42, 11, 1, tree, 0
45, 11, 1, tree, 0
47, 11, 1, tree, 0
53, 11, 1, tree, 0
54, 11, 1, tree, 0
55, 11, 1, tree, 0
58, 11, 1, tree, 0
65, 11, 1, tree, 0
69, 11, 1, tree, 0
70, 11, 1, tree, 0
72, 11, 1, tree, 0
75, 11, 1, tree, 0
83, 11, 1, tree, 0
84, 11, 1, tree, 0
88, 11, 1, tree, 0
94, 11, 1, tree, 0
0, 12, 1, tree, 0
6, 12, 1, tree, 0
8, 12, 1, tree, 0
10, 12, 1, tree, 0
19, 12, 1, tree, 0
20, 12, 1, tree, 0
31, 12, 1, tree, 0
33, 12, 1, tree, 0
37, 12, 1, tree, 0
69, 12, 1, tree, 0
87, 12, 1, tree, 0
88, 12, 1, tree, 0
96, 12, 1, tree, 0
7, 13, 1, tree, 0
10, 13, 1, tree, 0
14, 13, 1, tree, 0
16, 13, 1, tree, 0
19, 13, 1, tree, 0
50, 13, 1, tree, 0
57, 13, 1, tree, 0
68, 13, 1, tree, 0
96, 13, 1, tree, 0
98, 13, 1, tree, 0
6, 14, 1, tree, 0
8, 14, 1, tree, 0
17, 14, 1, tree, 0
23, 14, 1, tree, 0
24, 14, 1, tree, 0
27, 14, 1, tree, 0
35, 14, 1, tree, 0
41, 14, 1, tree, 0
42, 14, 1, tree, 0
45, 14, 1, tree, 0
59, 14, 1, tree, 0
60, 14, 1, tree, 0
61, 14, 1, tree, 0
63, 14, 1, tree, 0
64, 14, 1, tree, 0
65, 14, 1, tree, 0
67, 14, 1, tree, 0
70, 14, 1, tree, 0
76, 14, 1, tree, 0
77, 14, 1, tree, 0
82, 14, 1, tree, 0
0, 15, 1, tree, 0
3, 15, 1, tree, 0
9, 15, 1, tree, 0
11, 15, 1, tree, 0
12, 15, 1, tree, 0
14, 15, 1, tree, 0
25, 15, 1, tree, 0
29, 15, 1, tree, 0
33, 15, 1, tree, 0
37, 15, 1, tree, 0
53, 15, 1, tree, 0
55, 15, 1, tree, 0
56, 15, 1, tree, 0
62, 15, 1, tree, 0
64, 15, 1, tree, 0
69, 15, 1, tree, 0
70, 15, 1, tree, 0
71, 15, 1, tree, 0
72, 15, 1, tree, 0
76, 15, 1, tree, 0
87, 15, 1, tree, 0
5, 16, 1, tree, 0
6, 16, 1, tree, 0
10, 16, 1, tree, 0
19, 16, 1, tree, 0
27, 16, 1, tree, 0
39, 16, 1, tree, 0
48, 16, 1, tree, 0
50, 16, 1, tree, 0
52, 16, 1, tree, 0
54, 16, 1, tree, 0
56, 16, 1, tree, 0
62, 16, 1, tree, 0
64, 16, 1, tree, 0
73, 16, 1, tree, 0
77, 16, 1, tree, 0
82, 16, 1, tree, 0
85, 16, 1, tree, 0
88, 16, 1, tree, 0
93, 16, 1, tree, 0
99, 16, 1, tree, 0
16, 17, 1, tree, 0
18, 17, 1, tree, 0
22, 17, 1, tree, 0
35, 17, 1, tree, 0
36, 17, 1, tree, 0
40, 17, 1, tree, 0
52, 17, 1, tree, 0
62, 17, 1, tree, 0
69, 17, 1, tree, 0
73, 17, 1, tree, 0
78, 17, 1, tree, 0
83, 17, 1, tree, 0
88, 17, 1, tree, 0
89, 17, 1, tree, 0
96, 17, 1, tree, 0
6, 18, 1, tree, 0
12, 18, 1, tree, 0
19, 18, 1, tree, 0
24, 18, 1, tree, 0
41, 18, 1, tree, 0
50, 18, 1, tree, 0
54, 18, 1, tree, 0
55, 18, 1, tree, 0
62, 18, 1, tree, 0
71, 18, 1, tree, 0
72, 18, 1, tree, 0
76, 18, 1, tree, 0
80, 18, 1, tree, 0
86, 18, 1, tree, 0
90, 18, 1, tree, 0
91, 18, 1, tree, 0
93, 18, 1, tree, 0
1, 19, 1, tree, 0
8, 19, 1, tree, 0
11, 19, 1, tree, 0
16, 19, 1, tree, 0
21, 19, 1, tree, 0
23, 19, 1, tree, 0
34, 19, 1, tree, 0
47, 19, 1, tree, 0
60, 19, 1, tree, 0
62, 19, 1, tree, 0
68, 19, 1, tree, 0
73, 19, 1, tree, 0
76, 19, 1, tree, 0
77, 19, 1, tree, 0
85, 19, 1, tree, 0
86, 19, 1, tree, 0
90, 19, 1, tree, 0
97, 19, 1, tree, 0
18, 20, 1, tree, 0
19, 20, 1, tree, 0
22, 20, 1, tree, 0
31, 20, 1, tree, 0
38, 20, 1, tree, 0
39, 20, 1, tree, 0
40, 20, 1, tree, 0
41, 20, 1, tree, 0
44, 20, 1, tree, 0
45, 20, 1, tree, 0
48, 20, 1, tree, 0
55, 20, 1, tree, 0
60, 20, 1, tree, 0
61, 20, 1, tree, 0
62, 20, 1, tree, 0
68, 20, 1, tree, 0
79, 20, 1, tree, 0
81, 20, 1, tree, 0
83, 20, 1, tree, 0
97, 20, 1, tree, 0
1, 21, 1, tree, 0
10, 21, 1, tree, 0
11, 21, 1, tree, 0
17, 21, 1, tree, 0
38, 21, 1, tree, 0
40, 21, 1, tree, 0
52, 21, 1, tree, 0
53, 21, 1, tree, 0
55, 21, 1, tree, 0
56, 21, 1, tree, 0
57, 21, 1, tree, 0
65, 21, 1, tree, 0
76, 21, 1, tree, 0
78, 21, 1, tree, 0
80, 21, 1, tree, 0
88, 21, 1, tree, 0
94, 21, 1, tree, 0
96, 21, 1, tree, 0
97, 21, 1, tree, 0
4, 22, 1, tree, 0
6, 22, 1, tree, 0
7, 22, 1, tree, 0
17, 22, 1, tree, 0
19, 22, 1, tree, 0
20, 22, 1, tree, 0
22, 22, 1, tree, 0
23, 22, 1, tree, 0
36, 22, 1, tree, 0
43, 22, 1, tree, 0
45, 22, 1, tree, 0
46, 22, 1, tree, 0
47, 22, 1, tree, 0
48, 22, 1, tree, 0
55, 22, 1, tree, 0
57, 22, 1, tree, 0
60, 22, 1, tree, 0
65, 22, 1, tree, 0
66, 22, 1, tree, 0
77, 22, 1, tree, 0
78, 22, 1, tree, 0
85, 22, 1, tree, 0
87, 22, 1, tree, 0
93, 22, 1, tree, 0
94, 22, 1, tree, 0
97, 22, 1, tree, 0
9, 23, 1, tree, 0
12, 23, 1, tree, 0
22, 23, 1, tree, 0
25, 23, 1, tree, 0
26, 23, 1, tree, 0
28, 23, 1, tree, 0
47, 23, 1, tree, 0
49, 23, 1, tree, 0
59, 23, 1, tree, 0
60, 23, 1, tree, 0
63, 23, 1, tree, 0
65, 23, 1, tree, 0
69, 23, 1, tree, 0
74, 23, 1, tree, 0
76, 23, 1, tree, 0
78, 23, 1, tree, 0
79, 23, 1, tree, 0
84, 23, 1, tree, 0
91, 23, 1, tree, 0
99, 23, 1, tree, 0
1, 24, 1, tree, 0
8, 24, 1, tree, 0
11, 24, 1, tree, 0
19, 24, 1, tree, 0
29, 24, 1, tree, 0
32, 24, 1, tree, 0
34, 24, 1, tree, 0
40, 24, 1, tree, 0
53, 24, 1, tree, 0
54, 24, 1, tree, 0
59, 24, 1, tree, 0
63, 24, 1, tree, 0
68, 24, 1, tree, 0
71, 24, 1, tree, 0
72, 24, 1, tree, 0
84, 24, 1, tree, 0
95, 24, 1, tree, 0
4, 25, 1, tree, 0
5, 25, 1, tree, 0
9, 25, 1, tree, 0
16, 25, 1, tree, 0
20, 25, 1, tree, 0
25, 25, 1, tree, 0
41, 25, 1, tree, 0
42, 25, 1, tree, 0
45, 25, 1, tree, 0
52, 25, 1, tree, 0
55, 25, 1, tree, 0
61, 25, 1, tree, 0
75, 25, 1, tree, 0
87, 25, 1, tree, 0
88, 25, 1, tree, 0
92, 25, 1, tree, 0
93, 25, 1, tree, 0
94, 25, 1, tree, 0
0, 26, 1, tree, 0
3, 26, 1, tree, 0
7, 26, 1, tree, 0
8, 26, 1, tree, 0
18, 26, 1, tree, 0
21, 26, 1, tree, 0
25, 26, 1, tree, 0
26, 26, 1, tree, 0
36, 26, 1, tree, 0
42, 26, 1, tree, 0
48, 26, 1, tree, 0
52, 26, 1, tree, 0
58, 26, 1, tree, 0
73, 26, 1, tree, 0
74, 26, 1, tree, 0
75, 26, 1, tree, 0
81, 26, 1, tree, 0
88, 26, 1, tree, 0
1, 27, 1, tree, 0
14, 27, 1, tree, 0
20, 27, 1, tree, 0
22, 27, 1, tree, 0
23, 27, 1, tree, 0
26, 27, 1, tree, 0
29, 27, 1, tree, 0
36, 27, 1, tree, 0
37, 27, 1, tree, 0
47, 27, 1, tree, 0
48, 27, 1, tree, 0
55, 27, 1, tree, 0
64, 27, 1, tree, 0
70, 27, 1, tree, 0
72, 27, 1, tree, 0
73, 27, 1, tree, 0
74, 27, 1, tree, 0
77, 27, 1, tree, 0
81, 27, 1, tree, 0
82, 27, 1, tree, 0
84, 27, 1, tree, 0
96, 27, 1, tree, 0
2, 28, 1, tree, 0
5, 28, 1, tree, 0
19, 28, 1, tree, 0
20, 28, 1, tree, 0
21, 28, 1, tree, 0
22, 28, 1, tree, 0
23, 28, 1, tree, 0
33, 28, 1, tree, 0
38, 28, 1, tree, 0
44, 28, 1, tree, 0
47, 28, 1, tree, 0
58, 28, 1, tree, 0
60, 28, 1, tree, 0
68, 28, 1, tree, 0
80, 28, 1, tree, 0
81, 28, 1, tree, 0
84, 28, 1, tree, 0
1, 29, 1, tree, 0
2, 29, 1, tree, 0
13, 29, 1, tree, 0
15, 29, 1, tree, 0
17, 29, 1, tree, 0
21, 29, 1, tree, 0
24, 29, 1, tree, 0
28, 29, 1, tree, 0
30, 29, 1, tree, 0
36, 29, 1, tree, 0
37, 29, 1, tree, 0
61, 29, 1, tree, 0
64, 29, 1, tree, 0
67, 29, 1, tree, 0
69, 29, 1, tree, 0
76, 29, 1, tree, 0
81, 29, 1, tree, 0
88, 29, 1, tree, 0
93, 29, 1, tree, 0
95, 29, 1, tree, 0
1, 30, 1, tree, 0
2, 30, 1, tree, 0
3, 30, 1, tree, 0
5, 30, 1, tree, 0
15, 30, 1, tree, 0
16, 30, 1, tree, 0
28, 30, 1, tree, 0
31, 30, 1, tree, 0
32, 30, 1, tree, 0
54, 30, 1, tree, 0
80, 30, 1, tree, 0
95, 30, 1, tree, 0
10, 31, 1, tree, 0
13, 31, 1, tree, 0
22, 31, 1, tree, 0
33, 31, 1, tree, 0
39, 31, 1, tree, 0
51, 31, 1, tree, 0
58, 31, 1, tree, 0
68, 31, 1, tree, 0
71, 31, 1, tree, 0
72, 31, 1, tree, 0
91, 31, 1, tree, 0
99, 31, 1, tree, 0
13, 32, 1, tree, 0
17, 32, 1, tree, 0
21, 32, 1, tree, 0
24, 32, 1, tree, 0
27, 32, 1, tree, 0
29, 32, 1, tree, 0
33, 32, 1, tree, 0
34, 32, 1, tree, 0
48, 32, 1, tree, 0
56, 32, 1, tree, 0
59, 32, 1, tree, 0
63, 32, 1, tree, 0
70, 32, 1, tree, 0
73, 32, 1, tree, 0
76, 32, 1, tree, 0
86, 32, 1, tree, 0
87, 32, 1, tree, 0
98, 32, 1, tree, 0
1, 33, 1, tree, 0
3, 33, 1, tree, 0
4, 33, 1, tree, 0
10, 33, 1, tree, 0
12, 33, 1, tree, 0
16, 33, 1, tree, 0
19, 33, 1, tree, 0
25, 33, 1, tree, 0
29, 33, 1, tree, 0
30, 33, 1, tree, 0
31, 33, 1, tree, 0
32, 33, 1, tree, 0
33, 33, 1, tree, 0
35, 33, 1, tree, 0
39, 33, 1, tree, 0
40, 33, 1, tree, 0
41, 33, 1, tree, 0
43, 33, 1, tree, 0
44, 33, 1, tree, 0
45, 33, 1, tree, 0
46, 33, 1, tree, 0
52, 33, 1, tree, 0
56, 33, 1, tree, 0
58, 33, 1, tree, 0
60, 33, 1, tree, 0
65, 33, 1, tree, 0
70, 33, 1, tree, 0
74, 33, 1, tree, 0
76, 33, 1, tree, 0
82, 33, 1, tree, 0
87, 33, 1, tree, 0
91, 33, 1, tree, 0
95, 33, 1, tree, 0
96, 33, 1, tree, 0
8, 34, 1, tree, 0
9, 34, 1, tree, 0
12, 34, 1, tree, 0
26, 34, 1, tree, 0
29, 34, 1, tree, 0
32, 34, 1, tree, 0
36, 34, 1, tree, 0
39, 34, 1, tree, 0
42, 34, 1, tree, 0
54, 34, 1, tree, 0
55, 34, 1, tree, 0
57, 34, 1, tree, 0
63, 34, 1, tree, 0
66, 34, 1, tree, 0
67, 34, 1, tree, 0
74, 34, 1, tree, 0
75, 34, 1, tree, 0
80, 34, 1, tree, 0
82, 34, 1, tree, 0
85, 34, 1, tree, 0
86, 34, 1, tree, 0
89, 34, 1, tree, 0
97, 34, 1, tree, 0
1, 35, 1, tree, 0
10, 35, 1, tree, 0
14, 35, 1, tree, 0
15, 35, 1, tree, 0
19, 35, 1, tree, 0
44, 35, 1, tree, 0
46, 35, 1, tree, 0
56, 35, 1, tree, 0
58, 35, 1, tree, 0
61, 35, 1, tree, 0
65, 35, 1, tree, 0
70, 35, 1, tree, 0
71, 35, 1, tree, 0
75, 35, 1, tree, 0
78, 35, 1, tree, 0
83, 35, 1, tree, 0
88, 35, 1, tree, 0
90, 35, 1, tree, 0
91, 35, 1, tree, 0
95, 35, 1, tree, 0
96, 35, 1, tree, 0
11, 36, 1, tree, 0
12, 36, 1, tree, 0
15, 36, 1, tree, 0
28, 36, 1, tree, 0
41, 36, 1, tree, 0
46, 36, 1, tree, 0
47, 36, 1, tree, 0
58, 36, 1, tree, 0
59, 36, 1, tree, 0
63, 36, 1, tree, 0
70, 36, 1, tree, 0
80, 36, 1, tree, 0
81, 36, 1, tree, 0
2, 37, 1, tree, 0
5, 37, 1, tree, 0
23, 37, 1, tree, 0
25, 37, 1, tree, 0
39, 37, 1, tree, 0
67, 37, 1, tree, 0
79, 37, 1, tree, 0
87, 37, 1, tree, 0
1, 38, 1, tree, 0
6, 38, 1, tree, 0
18, 38, 1, tree, 0
26, 38, 1, tree, 0
31, 38, 1, tree, 0
37, 38, 1, tree, 0
40, 38, 1, tree, 0
45, 38, 1, tree, 0
60, 38, 1, tree, 0
63, 38, 1, tree, 0
64, 38, 1, tree, 0
71, 38, 1, tree, 0
74, 38, 1, tree, 0
76, 38, 1, tree, 0
5, 39, 1, tree, 0
8, 39, 1, tree, 0
9, 39, 1, tree, 0
10, 39, 1, tree, 0
24, 39, 1, tree, 0
30, 39, 1, tree, 0
31, 39, 1, tree, 0
45, 39, 1, tree, 0
55, 39, 1, tree, 0
63, 39, 1, tree, 0
67, 39, 1, tree, 0
68, 39, 1, tree, 0
69, 39, 1, tree, 0
71, 39, 1, tree, 0
84, 39, 1, tree, 0
89, 39, 1, tree, 0
96, 39, 1, tree, 0
99, 39, 1, tree, 0
1, 40, 1, tree, 0
6, 40, 1, tree, 0
7, 40, 1, tree, 0
11, 40, 1, tree, 0
12, 40, 1, tree, 0
14, 40, 1, tree, 0
15, 40, 1, tree, 0
17, 40, 1, tree, 0
22, 40, 1, tree, 0
31, 40, 1, tree, 0
34, 40, 1, tree, 0
39, 40, 1, tree, 0
46, 40, 1, tree, 0
83, 40, 1, tree, 0
9, 41, 1, tree, 0
22, 41, 1, tree, 0
30, 41, 1, tree, 0
32, 41, 1, tree, 0
33, 41, 1, tree, 0
37, 41, 1, tree, 0
43, 41, 1, tree, 0
71, 41, 1, tree, 0
75, 41, 1, tree, 0
77, 41, 1, tree, 0
81, 41, 1, tree, 0
82, 41, 1, tree, 0
84, 41, 1, tree, 0
87, 41, 1, tree, 0
93, 41, 1, tree, 0
2, 42, 1, tree, 0
7, 42, 1, tree, 0
16, 42, 1, tree, 0
26, 42, 1, tree, 0
27, 42, 1, tree, 0
33, 42, 1, tree, 0
37, 42, 1, tree, 0
51, 42, 1, tree, 0
54, 42, 1, tree, 0
55, 42, 1, tree, 0
64, 42, 1, tree, 0
67, 42, 1, tree, 0
75, 42, 1, tree, 0
76, 42, 1, tree, 0
81, 42, 1, tree, 0
83, 42, 1, tree, 0
87, 42, 1, tree, 0
88, 42, 1, tree, 0
94, 42, 1, tree, 0
98, 42, 1, tree, 0
3, 43, 1, tree, 0
8, 43, 1, tree, 0
14, 43, 1, tree, 0
28, 43, 1, tree, 0
31, 43, 1, tree, 0
33, 43, 1, tree, 0
35, 43, 1, tree, 0
37, 43, 1, tree, 0
45, 43, 1, tree, 0
46, 43, 1, tree, 0
64, 43, 1, tree, 0
70, 43, 1, tree, 0
80, 43, 1, tree, 0
87, 43, 1, tree, 0
89, 43, 1, tree, 0
98, 43, 1, tree, 0
2, 44, 1, tree, 0
8, 44, 1, tree, 0
12, 44, 1, tree, 0
16, 44, 1, tree, 0
20, 44, 1, tree, 0
26, 44, 1, tree, 0
33, 44, 1, tree, 0
42, 44, 1, tree, 0
55, 44, 1, tree, 0
66, 44, 1, tree, 0
75, 44, 1, tree, 0
90, 44, 1, tree, 0
0, 45, 1, tree, 0
3, 45, 1, tree, 0
4, 45, 1, tree, 0
7, 45, 1, tree, 0
10, 45, 1, tree, 0
11, 45, 1, tree, 0
20, 45, 1, tree, 0
21, 45, 1, tree, 0
25, 45, 1, tree, 0
26, 45, 1, tree, 0
27, 45, 1, tree, 0
32, 45, 1, tree, 0
41, 45, 1, tree, 0
44, 45, 1, tree, 0
53, 45, 1, tree, 0
54, 45, 1, tree, 0
56, 45, 1, tree, 0
65, 45, 1, tree, 0
69, 45, 1, tree, 0
83, 45, 1, tree, 0
84, 45, 1, tree, 0
89, 45, 1, tree, 0
96, 45, 1, tree, 0
8, 46, 1, tree, 0
9, 46, 1, tree, 0
13, 46, 1, tree, 0
15, 46, 1, tree, 0
16, 46, 1, tree, 0
17, 46, 1, tree, 0
18, 46, 1, tree, 0
31, 46, 1, tree, 0
32, 46, 1, tree, 0
33, 46, 1, tree, 0
34, 46, 1, tree, 0
46, 46, 1, tree, 0
48, 46, 1, tree, 0
53, 46, 1, tree, 0
65, 46, 1, tree, 0
73, 46, 1, tree, 0
75, 46, 1, tree, 0
76, 46, 1, tree, 0
83, 46, 1, tree, 0
93, 46, 1, tree, 0
94, 46, 1, tree, 0
6, 47, 1, tree, 0
24, 47, 1, tree, 0
32, 47, 1, tree, 0
40, 47, 1, tree, 0
42, 47, 1, tree, 0
43, 47, 1, tree, 0
44, 47, 1, tree, 0
46, 47, 1, tree, 0
49, 47, 1, tree, 0
60, 47, 1, tree, 0
61, 47, 1, tree, 0
65, 47, 1, tree, 0
77, 47, 1, tree, 0
79, 47, 1, tree, 0
82, 47, 1, tree, 0
2, 48, 1, tree, 0
18, 48, 1, tree, 0
20, 48, 1, tree, 0
21, 48, 1, tree, 0
25, 48, 1, tree, 0
38, 48, 1, tree, 0
43, 48, 1, tree, 0
44, 48, 1, tree, 0
46, 48, 1, tree, 0
47, 48, 1, tree, 0
55, 48, 1, tree, 0
66, 48, 1, tree, 0
78, 48, 1, tree, 0
80, 48, 1, tree, 0
99, 48, 1, tree, 0
13, 49, 1, tree, 0
17, 49, 1, tree, 0
19, 49, 1, tree, 0
26, 49, 1, tree, 0
27, 49, 1, tree, 0
28, 49, 1, tree, 0
34, 49, 1, tree, 0
37, 49, 1, tree, 0
48, 49, 1, tree, 0
49, 49, 1, tree, 0
54, 49, 1, tree, 0
73, 49, 1, tree, 0
74, 49, 1, tree, 0
77, 49, 1, tree, 0
90, 49, 1, tree, 0
97, 49, 1, tree, 0
0, 50, 1, tree, 0
2, 50, 1, tree, 0
14, 50, 1, tree, 0
20, 50, 1, tree, 0
25, 50, 1, tree, 0
40, 50, 1, tree, 0
50, 50, 1, person, 0
72, 50, 1, tree, 0
73, 50, 1, tree, 0
83, 50, 1, tree, 0
84, 50, 1, tree, 0
9, 51, 1, tree, 0
10, 51, 1, tree, 0
16, 51, 1, tree, 0
21, 51, 1, tree, 0
27, 51, 1, tree, 0
28, 51, 1, tree, 0
45, 51, 1, tree, 0
46, 51, 1, tree, 0
48, 51, 1, axe, 0
56, 51, 1, tree, 0
78, 51, 1, tree, 0
83, 51, 1, tree, 0
85, 51, 1, tree, 0
92, 51, 1, tree, 0
95, 51, 1, tree, 0
8, 52, 1, tree, 0
10, 52, 1, tree, 0
11, 52, 1, tree, 0
12, 52, 1, tree, 0
25, 52, 1, tree, 0
33, 52, 1, tree, 0
44, 52, 1, tree, 0
52, 52, 1, tree, 0
64, 52, 1, tree, 0
71, 52, 1, tree, 0
75, 52, 1, tree, 0
84, 52, 1, tree, 0
86, 52, 1, tree, 0
87, 52, 1, tree, 0
97, 52, 1, tree, 0
2, 53, 1, tree, 0
3, 53, 1, tree, 0
15, 53, 1, tree, 0
25, 53, 1, tree, 0
33, 53, 1, tree, 0
45, 53, 1, tree, 0
46, 53, 1, tree, 0
47, 53, 1, tree, 0
50, 53, 1, tree, 0
69, 53, 1, tree, 0
70, 53, 1, tree, 0
78, 53, 1, tree, 0
92, 53, 1, tree, 0
94, 53, 1, tree, 0
32, 54, 1, tree, 0
44, 54, 1, tree, 0
53, 54, 1, tree, 0
61, 54, 1, tree, 0
65, 54, 1, tree, 0
84, 54, 1, tree, 0
89, 54, 1, tree, 0
98, 54, 1, tree, 0
99, 54, 1, tree, 0
3, 55, 1, tree, 0
5, 55, 1, tree, 0
23, 55, 1, tree, 0
30, 55, 1, tree, 0
32, 55, 1, tree, 0
34, 55, 1, tree, 0
44, 55, 1, tree, 0
61, 55, 1, tree, 0
69, 55, 1, tree, 0
70, 55, 1, tree, 0
76, 55, 1, tree, 0
78, 55, 1, tree, 0
94, 55, 1, tree, 0
2, 56, 1, tree, 0
3, 56, 1, tree, 0
30, 56, 1, tree, 0
32, 56, 1, tree, 0
36, 56, 1, tree, 0
42, 56, 1, tree, 0
49, 56, 1, tree, 0
65, 56, 1, tree, 0
73, 56, 1, tree, 0
84, 56, 1, tree, 0
98, 56, 1, tree, 0
5, 57, 1, tree, 0
7, 57, 1, tree, 0
12, 57, 1, tree, 0
15, 57, 1, tree, 0
22, 57, 1, tree, 0
25, 57, 1, tree, 0
28, 57, 1, tree, 0
61, 57, 1, tree, 0
66, 57, 1, tree, 0
70, 57, 1, tree, 0
71, 57, 1, tree, 0
75, 57, 1, tree, 0
79, 57, 1, tree, 0
80, 57, 1, tree, 0
92, 57, 1, tree, 0
1, 58, 1, tree, 0
8, 58, 1, tree, 0
14, 58, 1, tree, 0
17, 58, 1, tree, 0
21, 58, 1, tree, 0
22, 58, 1, tree, 0
29, 58, 1, tree, 0
33, 58, 1, tree, 0
62, 58, 1, tree, 0
69, 58, 1, tree, 0
72, 58, 1, tree, 0
75, 58, 1, tree, 0
84, 58, 1, tree, 0
85, 58, 1, tree, 0
87, 58, 1, tree, 0
88, 58, 1, tree, 0
93, 58, 1, tree, 0
8, 59, 1, tree, 0
11, 59, 1, tree, 0
13, 59, 1, tree, 0
14, 59, 1, tree, 0
25, 59, 1, tree, 0
26, 59, 1, tree, 0
35, 59, 1, tree, 0
43, 59, 1, tree, 0
46, 59, 1, tree, 0
61, 59, 1, tree, 0
72, 59, 1, tree, 0
75, 59, 1, tree, 0
84, 59, 1, tree, 0
90, 59, 1, tree, 0
99, 59, 1, tree, 0
4, 60, 1, tree, 0
18, 60, 1, tree, 0
36, 60, 1, tree, 0
40, 60, 1, tree, 0
41, 60, 1, tree, 0
42, 60, 1, tree, 0
44, 60, 1, tree, 0
63, 60, 1, tree, 0
65, 60, 1, tree, 0
90, 60, 1, tree, 0
93, 60, 1, tree, 0
0, 61, 1, tree, 0
10, 61, 1, tree, 0
16, 61, 1, tree, 0
22, 61, 1, tree, 0
25, 61, 1, tree, 0
26, 61, 1, tree, 0
28, 61, 1, tree, 0
35, 61, 1, tree, 0
41, 61, 1, tree, 0
61, 61, 1, tree, 0
68, 61, 1, tree, 0
77, 61, 1, tree, 0
78, 61, 1, tree, 0
79, 61, 1, tree, 0
80, 61, 1, tree, 0
91, 61, 1, tree, 0
96, 61, 1, tree, 0
98, 61, 1, tree, 0
3, 62, 1, tree, 0
5, 62, 1, tree, 0
7, 62, 1, tree, 0
13, 62, 1, tree, 0
20, 62, 1, tree, 0
21, 62, 1, tree, 0
24, 62, 1, tree, 0
28, 62, 1, tree, 0
32, 62, 1, tree, 0
39, 62, 1, tree, 0
45, 62, 1, tree, 0
55, 62, 1, tree, 0
56, 62, 1, tree, 0
60, 62, 1, tree, 0
62, 62, 1, tree, 0
64, 62, 1, tree, 0
70, 62, 1, tree, 0
74, 62, 1, tree, 0
83, 62, 1, tree, 0
88, 62, 1, tree, 0
93, 62, 1, tree, 0
0, 63, 1, tree, 0
5, 63, 1, tree, 0
6, 63, 1, tree, 0
8, 63, 1, tree, 0
9, 63, 1, tree, 0
10, 63, 1, tree, 0
18, 63, 1, tree, 0
19, 63, 1, tree, 0
27, 63, 1, tree, 0
29, 63, 1, tree, 0
35, 63, 1, tree, 0
46, 63, 1, tree, 0
47, 63, 1, tree, 0
57, 63, 1, tree, 0
60, 63, 1, tree, 0
63, 63, 1, tree, 0
64, 63, 1, tree, 0
65, 63, 1, tree, 0
73, 63, 1, tree, 0
77, 63, 1, tree, 0
78, 63, 1, tree, 0
84, 63, 1, tree, 0
85, 63, 1, tree, 0
87, 63, 1, tree, 0
93, 63, 1, tree, 0
97, 63, 1, tree, 0
0, 64, 1, tree, 0
8, 64, 1, tree, 0
12, 64, 1, tree, 0
22, 64, 1, tree, 0
24, 64, 1, tree, 0
26, 64, 1, tree, 0
28, 64, 1, tree, 0
30, 64, 1, tree, 0
34, 64, 1, tree, 0
36, 64, 1, tree, 0
44, 64, 1, tree, 0
46, 64, 1, tree, 0
55, 64, 1, tree, 0
56, 64, 1, tree, 0
58, 64, 1, tree, 0
61, 64, 1, tree, 0
63, 64, 1, tree, 0
64, 64, 1, tree, 0
77, 64, 1, tree, 0
81, 64, 1, tree, 0
87, 64, 1, tree, 0
88, 64, 1, tree, 0
93, 64, 1, tree, 0
95, 64, 1, tree, 0
2, 65, 1, tree, 0
3, 65, 1, tree, 0
13, 65, 1, tree, 0
16, 65, 1, tree, 0
20, 65, 1, tree, 0
24, 65, 1, tree, 0
25, 65, 1, tree, 0
28, 65, 1, tree, 0
29, 65, 1, tree, 0
32, 65, 1, tree, 0
34, 65, 1, tree, 0
38, 65, 1, tree, 0
39, 65, 1, tree, 0
55, 65, 1, tree, 0
56, 65, 1, tree, 0
61, 65, 1, tree, 0
66, 65, 1, tree, 0
67, 65, 1, tree, 0
77, 65, 1, tree, 0
79, 65, 1, tree, 0
82, 65, 1, tree, 0
91, 65, 1, tree, 0
0, 66, 1, tree, 0
5, 66, 1, tree, 0
6, 66, 1, tree, 0
7, 66, 1, tree, 0
10, 66, 1, tree, 0
13, 66, 1, tree, 0
15, 66, 1, tree, 0
18, 66, 1, tree, 0
21, 66, 1, tree, 0
24, 66, 1, tree, 0
27, 66, 1, tree, 0
36, 66, 1, tree, 0
37, 66, 1, tree, 0
43, 66, 1, tree, 0
46, 66, 1, tree, 0
53, 66, 1, tree, 0
58, 66, 1, tree, 0
62, 66, 1, tree, 0
64, 66, 1, tree, 0
66, 66, 1, tree, 0
68, 66, 1, tree, 0
75, 66, 1, tree, 0
77, 66, 1, tree, 0
85, 66, 1, tree, 0
86, 66, 1, tree, 0
87, 66, 1, tree, 0
89, 66, 1, tree, 0
94, 66, 1, tree, 0
95, 66, 1, tree, 0
12, 67, 1, tree, 0
17, 67, 1, tree, 0
31, 67, 1, tree, 0
39, 67, 1, tree, 0
43, 67, 1, tree, 0
44, 67, 1, tree, 0
46, 67, 1, tree, 0
55, 67, 1, tree, 0
56, 67, 1, tree, 0
60, 67, 1, tree, 0
61, 67, 1, tree, 0
66, 67, 1, tree, 0
77, 67, 1, tree, 0
80, 67, 1, tree, 0
86, 67, 1, tree, 0
94, 67, 1, tree, 0
1, 68, 1, tree, 0
6, 68, 1, tree, 0
12, 68, 1, tree, 0
15, 68, 1, tree, 0
24, 68, 1, tree, 0
29, 68, 1, tree, 0
31, 68, 1, tree, 0
32, 68, 1, tree, 0
46, 68, 1, tree, 0
50, 68, 1, tree, 0
52, 68, 1, tree, 0
55, 68, 1, tree, 0
56, 68, 1, tree, 0
64, 68, 1, tree, 0
67, 68, 1, tree, 0
76, 68, 1, tree, 0
90, 68, 1, tree, 0
98, 68, 1, tree, 0
99, 68, 1, tree, 0
1, 69, 1, tree, 0
17, 69, 1, tree, 0
18, 69, 1, tree, 0
38, 69, 1, tree, 0
61, 69, 1, tree, 0
70, 69, 1, tree, 0
85, 69, 1, tree, 0
87, 69, 1, tree, 0
93, 69, 1, tree, 0
98, 69, 1, tree, 0
1, 70, 1, tree, 0
12, 70, 1, tree, 0
13, 70, 1, tree, 0
19, 70, 1, tree, 0
27, 70, 1, tree, 0
31, 70, 1, tree, 0
38, 70, 1, tree, 0
42, 70, 1, tree, 0
43, 70, 1, tree, 0
44, 70, 1, tree, 0
49, 70, 1, tree, 0
54, 70, 1, tree, 0
57, 70, 1, tree, 0
58, 70, 1, tree, 0
71, 70, 1, tree, 0
77, 70, 1, tree, 0
81, 70, 1, tree, 0
85, 70, 1, tree, 0
88, 70, 1, tree, 0
96, 70, 1, tree, 0
97, 70, 1, tree, 0
8, 71, 1, tree, 0
10, 71, 1, tree, 0
13, 71, 1, tree, 0
22, 71, 1, tree, 0
25, 71, 1, tree, 0
30, 71, 1, tree, 0
31, 71, 1, tree, 0
39, 71, 1, tree, 0
42, 71, 1, tree, 0
47, 71, 1, tree, 0
53, 71, 1, tree, 0
57, 71, 1, tree, 0
58, 71, 1, tree, 0
63, 71, 1, tree, 0
65, 71, 1, tree, 0
67, 71, 1, tree, 0
87, 71, 1, tree, 0
4, 72, 1, tree, 0
6, 72, 1, tree, 0
7, 72, 1, tree, 0
22, 72, 1, tree, 0
37, 72, 1, tree, 0
39, 72, 1, tree, 0
40, 72, 1, tree, 0
46, 72, 1, tree, 0
48, 72, 1, tree, 0
62, 72, 1, tree, 0
63, 72, 1, tree, 0
68, 72, 1, tree, 0
74, 72, 1, tree, 0
76, 72, 1, tree, 0
79, 72, 1, tree, 0
6, 73, 1, tree, 0
15, 73, 1, tree, 0
17, 73, 1, tree, 0
21, 73, 1, tree, 0
22, 73, 1, tree, 0
33, 73, 1, tree, 0
35, 73, 1, tree, 0
56, 73, 1, tree, 0
58, 73, 1, tree, 0
59, 73, 1, tree, 0
66, 73, 1, tree, 0
67, 73, 1, tree, 0
79, 73, 1, tree, 0
81, 73, 1, tree, 0
85, 73, 1, tree, 0
86, 73, 1, tree, 0
94, 73, 1, tree, 0
6, 74, 1, tree, 0
16, 74, 1, tree, 0
30, 74, 1, tree, 0
55, 74, 1, tree, 0
58, 74, 1, tree, 0
60, 74, 1, tree, 0
64, 74, 1, tree, 0
65, 74, 1, tree, 0
72, 74, 1, tree, 0
80, 74, 1, tree, 0
87, 74, 1, tree, 0
90, 74, 1, tree, 0
92, 74, 1, tree, 0
93, 74, 1, tree, 0
96, 74, 1, tree, 0
14, 75, 1, tree, 0
18, 75, 1, tree, 0
24, 75, 1, tree, 0
25, 75, 1, tree, 0
26, 75, 1, tree, 0
28, 75, 1, tree, 0
29, 75, 1, tree, 0
30, 75, 1, tree, 0
32, 75, 1, tree, 0
33, 75, 1, tree, 0
45, 75, 1, tree, 0
46, 75, 1, tree, 0
53, 75, 1, tree, 0
56, 75, 1, tree, 0
59, 75, 1, tree, 0
66, 75, 1, tree, 0
69, 75, 1, tree, 0
71, 75, 1, tree, 0
73, 75, 1, tree, 0
80, 75, 1, tree, 0
83, 75, 1, tree, 0
91, 75, 1, tree, 0
96, 75, 1, tree, 0
12, 76, 1, tree, 0
15, 76, 1, tree, 0
21, 76, 1, tree, 0
35, 76, 1, tree, 0
36, 76, 1, tree, 0
40, 76, 1, tree, 0
44, 76, 1, tree, 0
51, 76, 1, tree, 0
56, 76, 1, tree, 0
57, 76, 1, tree, 0
64, 76, 1, tree, 0
66, 76, 1, tree, 0
70, 76, 1, tree, 0
75, 76, 1, tree, 0
76, 76, 1, tree, 0
77, 76, 1, tree, 0
78, 76, 1, tree, 0
79, 76, 1, tree, 0
93, 76, 1, tree, 0
94, 76, 1, tree, 0
0, 77, 1, tree, 0
2, 77, 1, tree, 0
3, 77, 1, tree, 0
9, 77, 1, tree, 0
15, 77, 1, tree, 0
18, 77, 1, tree, 0
29, 77, 1, tree, 0
33, 77, 1, tree, 0
40, 77, 1, tree, 0
41, 77, 1, tree, 0
45, 77, 1, tree, 0
48, 77, 1, tree, 0
51, 77, 1, tree, 0
63, 77, 1, tree, 0
68, 77, 1, tree, 0
69, 77, 1, tree, 0
83, 77, 1, tree, 0
84, 77, 1, tree, 0
85, 77, 1, tree, 0
86, 77, 1, tree, 0
95, 77, 1, tree, 0
96, 77, 1, tree, 0
97, 77, 1, tree, 0
98, 77, 1, tree, 0
0, 78, 1, tree, 0
4, 78, 1, tree, 0
8, 78, 1, tree, 0
25, 78, 1, tree, 0
27, 78, 1, tree, 0
28, 78, 1, tree, 0
31, 78, 1, tree, 0
32, 78, 1, tree, 0
53, 78, 1, tree, 0
59, 78, 1, tree, 0
63, 78, 1, tree, 0
67, 78, 1, tree, 0
74, 78, 1, tree, 0
87, 78, 1, tree, 0
0, 79, 1, tree, 0
2, 79, 1, tree, 0
5, 79, 1, tree, 0
6, 79, 1, tree, 0
9, 79, 1, tree, 0
20, 79, 1, tree, 0
22, 79, 1, tree, 0
29, 79, 1, tree, 0
32, 79, 1, tree, 0
42, 79, 1, tree, 0
50, 79, 1, tree, 0
52, 79, 1, tree, 0
60, 79, 1, tree, 0
62, 79, 1, tree, 0
65, 79, 1, tree, 0
67, 79, 1, tree, 0
68, 79, 1, tree, 0
70, 79, 1, tree, 0
74, 79, 1, tree, 0
75, 79, 1, tree, 0
76, 79, 1, tree, 0
79, 79, 1, tree, 0
97, 79, 1, tree, 0
3, 80, 1, tree, 0
5, 80, 1, tree, 0
21, 80, 1, tree, 0
35, 80, 1, tree, 0
38, 80, 1, tree, 0
39, 80, 1, tree, 0
46, 80, 1, tree, 0
53, 80, 1, tree, 0
60, 80, 1, tree, 0
66, 80, 1, tree, 0
74, 80, 1, tree, 0
77, 80, 1, tree, 0
88, 80, 1, tree, 0
89, 80, 1, tree, 0
0, 81, 1, tree, 0
12, 81, 1, tree, 0
17, 81, 1, tree, 0
19, 81, 1, tree, 0
20, 81, 1, tree, 0
26, 81, 1, tree, 0
27, 81, 1, tree, 0
28, 81, 1, tree, 0
29, 81, 1, tree, 0
35, 81, 1, tree, 0
40, 81, 1, tree, 0
41, 81, 1, tree, 0
64, 81, 1, tree, 0
65, 81, 1, tree, 0
77, 81, 1, tree, 0
78, 81, 1, tree, 0
79, 81, 1, tree, 0
90, 81, 1, tree, 0
92, 81, 1, tree, 0
94, 81, 1, tree, 0
96, 81, 1, tree, 0
1, 82, 1, tree, 0
11, 82, 1, tree, 0
13, 82, 1, tree, 0
22, 82, 1, tree, 0
24, 82, 1, tree, 0
35, 82, 1, tree, 0
61, 82, 1, tree, 0
67, 82, 1, tree, 0
69, 82, 1, tree, 0
70, 82, 1, tree, 0
72, 82, 1, tree, 0
83, 82, 1, tree, 0
87, 82, 1, tree, 0
92, 82, 1, tree, 0
98, 82, 1, tree, 0
99, 82, 1, tree, 0
2, 83, 1, tree, 0
8, 83, 1, tree, 0
19, 83, 1, tree, 0
20, 83, 1, tree, 0
21, 83, 1, tree, 0
48, 83, 1, tree, 0
49, 83, 1, tree, 0
57, 83, 1, tree, 0
58, 83, 1, tree, 0
71, 83, 1, tree, 0
74, 83, 1, tree, 0
75, 83, 1, tree, 0
88, 83, 1, tree, 0
93, 83, 1, tree, 0
97, 83, 1, tree, 0
99, 83, 1, tree, 0
6, 84, 1, tree, 0
9, 84, 1, tree, 0
10, 84, 1, tree, 0
11, 84, 1, tree, 0
16, 84, 1, tree, 0
25, 84, 1, tree, 0
27, 84, 1, tree, 0
40, 84, 1, tree, 0
56, 84, 1, tree, 0
59, 84, 1, tree, 0
61, 84, 1, tree, 0
68, 84, 1, tree, 0
69, 84, 1, tree, 0
70, 84, 1, tree, 0
72, 84, 1, tree, 0
80, 84, 1, tree, 0
83, 84, 1, tree, 0
86, 84, 1, tree, 0
96, 84, 1, tree, 0
0, 85, 1, tree, 0
12, 85, 1, tree, 0
17, 85, 1, tree, 0
23, 85, 1, tree, 0
27, 85, 1, tree, 0
39, 85, 1, tree, 0
46, 85, 1, tree, 0
47, 85, 1, tree, 0
48, 85, 1, tree, 0
56, 85, 1, tree, 0
59, 85, 1, tree, 0
65, 85, 1, tree, 0
67, 85, 1, tree, 0
68, 85, 1, tree, 0
71, 85, 1, tree, 0
72, 85, 1, tree, 0
86, 85, 1, tree, 0
90, 85, 1, tree, 0
92, 85, 1, tree, 0
99, 85, 1, tree, 0
4, 86, 1, tree, 0
7, 86, 1, tree, 0
8, 86, 1, tree, 0
12, 86, 1, tree, 0
39, 86, 1, tree, 0
45, 86, 1, tree, 0
49, 86, 1, tree, 0
50, 86, 1, tree, 0
55, 86, 1, tree, 0
60, 86, 1, tree, 0
63, 86, 1, tree, 0
70, 86, 1, tree, 0
80, 86, 1, tree, 0
84, 86, 1, tree, 0
86, 86, 1, tree, 0
87, 86, 1, tree, 0
93, 86, 1, tree, 0
97, 86, 1, tree, 0
5, 87, 1, tree, 0
9, 87, 1, tree, 0
18, 87, 1, tree, 0
20, 87, 1, tree, 0
21, 87, 1, tree, 0
24, 87, 1, tree, 0
29, 87, 1, tree, 0
31, 87, 1, tree, 0
35, 87, 1, tree, 0
46, 87, 1, tree, 0
48, 87, 1, tree, 0
57, 87, 1, tree, 0
65, 87, 1, tree, 0
70, 87, 1, tree, 0
73, 87, 1, tree, 0
84, 87, 1, tree, 0
85, 87, 1, tree, 0
89, 87, 1, tree, 0
94, 87, 1, tree, 0
99, 87, 1, tree, 0
10, 88, 1, tree, 0
13, 88, 1, tree, 0
14, 88, 1, tree, 0
18, 88, 1, tree, 0
24, 88, 1, tree, 0
27, 88, 1, tree, 0
30, 88, 1, tree, 0
34, 88, 1, tree, 0
42, 88, 1, tree, 0
44, 88, 1, tree, 0
60, 88, 1, tree, 0
63, 88, 1, tree, 0
71, 88, 1, tree, 0
74, 88, 1, tree, 0
78, 88, 1, tree, 0
80, 88, 1, tree, 0
81, 88, 1, tree, 0
86, 88, 1, tree, 0
88, 88, 1, tree, 0
91, 88, 1, tree, 0
92, 88, 1, tree, 0
95, 88, 1, tree, 0
4, 89, 1, tree, 0
6, 89, 1, tree, 0
12, 89, 1, tree, 0
15, 89, 1, tree, 0
27, 89, 1, tree, 0
28, 89, 1, tree, 0
35, 89, 1, tree, 0
44, 89, 1, tree, 0
45, 89, 1, tree, 0
63, 89, 1, tree, 0
79, 89, 1, tree, 0
82, 89, 1, tree, 0
86, 89, 1, tree, 0
92, 89, 1, tree, 0
99, 89, 1, tree, 0
5, 90, 1, tree, 0
6, 90, 1, tree, 0
9, 90, 1, tree, 0
13, 90, 1, tree, 0
16, 90, 1, tree, 0
18, 90, 1, tree, 0
28, 90, 1, tree, 0
29, 90, 1, tree, 0
31, 90, 1, tree, 0
34, 90, 1, tree, 0
39, 90, 1, tree, 0
42, 90, 1, tree, 0
52, 90, 1, tree, 0
56, 90, 1, tree, 0
57, 90, 1, tree, 0
60, 90, 1, tree, 0
61, 90, 1, tree, 0
64, 90, 1, tree, 0
69, 90, 1, tree, 0
77, 90, 1, tree, 0
78, 90, 1, tree, 0
83, 90, 1, tree, 0
92, 90, 1, tree, 0
12, 91, 1, tree, 0
19, 91, 1, tree, 0
21, 91, 1, tree, 0
24, 91, 1, tree, 0
25, 91, 1, tree, 0
30, 91, 1, tree, 0
43, 91, 1, tree, 0
49, 91, 1, tree, 0
52, 91, 1, tree, 0
56, 91, 1, tree, 0
59, 91, 1, tree, 0
63, 91, 1, tree, 0
72, 91, 1, tree, 0
77, 91, 1, tree, 0
79, 91, 1, tree, 0
84, 91, 1, tree, 0
99, 91, 1, tree, 0
8, 92, 1, tree, 0
13, 92, 1, tree, 0
18, 92, 1, tree, 0
51, 92, 1, tree, 0
53, 92, 1, tree, 0
55, 92, 1, tree, 0
62, 92, 1, tree, 0
64, 92, 1, tree, 0
67, 92, 1, tree, 0
78, 92, 1, tree, 0
81, 92, 1, tree, 0
85, 92, 1, tree, 0
94, 92, 1, tree, 0
97, 92, 1, tree, 0
0, 93, 1, tree, 0
5, 93, 1, tree, 0
7, 93, 1, tree, 0
20, 93, 1, tree, 0
24, 93, 1, tree, 0
26, 93, 1, tree, 0
27, 93, 1, tree, 0
31, 93, 1, tree, 0
32, 93, 1, tree, 0
36, 93, 1, tree, 0
38, 93, 1, tree, 0
46, 93, 1, tree, 0
48, 93, 1, tree, 0
51, 93, 1, tree, 0
52, 93, 1, tree, 0
57, 93, 1, tree, 0
63, 93, 1, tree, 0
64, 93, 1, tree, 0
69, 93, 1, tree, 0
70, 93, 1, tree, 0
88, 93, 1, tree, 0
93, 93, 1, tree, 0
97, 93, 1, tree, 0
2, 94, 1, tree, 0
11, 94, 1, tree, 0
14, 94, 1, tree, 0
18, 94, 1, tree, 0
24, 94, 1, tree, 0
26, 94, 1, tree, 0
29, 94, 1, tree, 0
30, 94, 1, tree, 0
39, 94, 1, tree, 0
44, 94, 1, tree, 0
53, 94, 1, tree, 0
55, 94, 1, tree, 0
58, 94, 1, tree, 0
59, 94, 1, tree, 0
66, 94, 1, tree, 0
67, 94, 1, tree, 0
72, 94, 1, tree, 0
73, 94, 1, tree, 0
87, 94, 1, tree, 0
92, 94, 1, tree, 0
99, 94, 1, tree, 0
8, 95, 1, tree, 0
16, 95, 1, tree, 0
18, 95, 1, tree, 0
26, 95, 1, tree, 0
30, 95, 1, tree, 0
32, 95, 1, tree, 0
34, 95, 1, tree, 0
38, 95, 1, tree, 0
39, 95, 1, tree, 0
49, 95, 1, tree, 0
52, 95, 1, tree, 0
62, 95, 1, tree, 0
63, 95, 1, tree, 0
68, 95, 1, tree, 0
77, 95, 1, tree, 0
82, 95, 1, tree, 0
83, 95, 1, tree, 0
88, 95, 1, tree, 0
97, 95, 1, tree, 0
98, 95, 1, tree, 0
3, 96, 1, tree, 0
19, 96, 1, tree, 0
21, 96, 1, tree, 0
30, 96, 1, tree, 0
32, 96, 1, tree, 0
39, 96, 1, tree, 0
45, 96, 1, tree, 0
53, 96, 1, tree, 0
57, 96, 1, tree, 0
68, 96, 1, tree, 0
78, 96, 1, tree, 0
79, 96, 1, tree, 0
92, 96, 1, tree, 0
93, 96, 1, tree, 0
9, 97, 1, tree, 0
17, 97, 1, tree, 0
18, 97, 1, tree, 0
19, 97, 1, tree, 0
21, 97, 1, tree, 0
25, 97, 1, tree, 0
31, 97, 1, tree, 0
35, 97, 1, tree, 0
41, 97, 1, tree, 0
53, 97, 1, tree, 0
73, 97, 1, tree, 0
74, 97, 1, tree, 0
84, 97, 1, tree, 0
86, 97, 1, tree, 0
93, 97, 1, tree, 0
94, 97, 1, tree, 0
95, 97, 1, tree, 0
14, 98, 1, tree, 0
19, 98, 1, tree, 0
22, 98, 1, tree, 0
24, 98, 1, tree, 0
27, 98, 1, tree, 0
30, 98, 1, tree, 0
35, 98, 1, tree, 0
54, 98, 1, tree, 0
70, 98, 1, tree, 0
75, 98, 1, tree, 0
99, 98, 1, tree, 0
0, 99, 1, tree, 0
5, 99, 1, tree, 0
17, 99, 1, tree, 0
21, 99, 1, tree, 0
27, 99, 1, tree, 0
32, 99, 1, tree, 0
42, 99, 1, tree, 0
44, 99, 1, tree, 0
49, 99, 1, tree, 0
50, 99, 1, tree, 0
55, 99, 1, tree, 0
56, 99, 1, tree, 0
58, 99, 1, tree, 0
67, 99, 1, tree, 0
68, 99, 1, tree, 0
82, 99, 1, tree, 0
84, 99, 1, tree, 0
90, 99, 1, tree, 0